<?xml  version="1.0" encoding="UTF-8"?>
<beans xmlns="http://www.springframework.org/schema/beans"
    xmlns:xsi="http://www.w3.org/2001/XMLSchema-instance"
    xmlns:aop="http://www.springframework.org/schema/aop"
    xmlns:context="http://www.springframework.org/schema/context"
    xmlns:jee="http://www.springframework.org/schema/jee"
    xmlns:lang="http://www.springframework.org/schema/lang"
    xmlns:p="http://www.springframework.org/schema/p"
    xmlns:tx="http://www.springframework.org/schema/tx"
    xmlns:util="http://www.springframework.org/schema/util"
    xsi:schemaLocation="http://www.springframework.org/schema/beans
http://www.springframework.org/schema/beans/spring-beans-2.5.xsd
http://www.springframework.org/schema/aop
http://www.springframework.org/schema/aop/spring-aop-2.5.xsd
http://www.springframework.org/schema/context
http://www.springframework.org/schema/context/spring-context-2.5.xsd
http://www.springframework.org/schema/tx
http://www.springframework.org/schema/tx/spring-tx-2.5.xsd">
	
	
	<context:component-scan base-package="com.anushka.SportyShoesWebapplication"></context:component-scan>
	
	<bean class="org.springframework.web.servlet.view.InternalResourceViewResolver">
		<property name="prefix">
			<value>/WEB-INF/view/</value>
		</property>
		<property name="suffix">
			<value>.jsp</value>
		</property>
	</bean>
	
	 <bean id="messageSource"
        class="org.springframework.context.support.ReloadableResourceBundleMessageSource">
        <property name="basename" value="classpath:messages"></property>
        <property name="defaultEncoding" value="UTF-8"></property>
    </bean>
    
    <!-- data source mapping beans   -->
  	<bean id="dataSource"
		class="org.apache.commons.dbcp.BasicDataSource" destroy-method="close"
		p:driverClassName="${jdbc.driverClassName}"
		p:url="${jdbc.databaseurl}" p:username="${jdbc.username}"
		p:password="${jdbc.password}">
	</bean>
	<bean id="ds"
		class="org.springframework.jdbc.datasource.DriverManagerDataSource">
		<property name="driverClassName"
			value="com.mysql.jdbc.Driver"></property>
		<property name="url"
			value="jdbc:mysql://localhost:3306/ecomwebapp_sportyshoes_webapp"></property>
		<property name="username" value="root"></property>
		<property name="password" value="root123"></property>
	</bean>
	
	<!-- jdbc template bean-->
	<bean id="jt" class="org.springframework.jdbc.core.JdbcTemplate">
		<property name="dataSource" ref="ds"></property>
	</bean>
	
	<!-- dao bean -->
	<bean id="dao" class="com.anushka.SportyShoesWebapplication.dao.EproductDAO">
		<property name="template" ref="jt"></property>
	</bean>
	<!-- dao bean -->
	<bean id="dao1" class="com.anushka.SportyShoesWebapplication.dao.UserDAO">
		<property name="template" ref="jt"></property>
	</bean>
<bean id="dao2" class="com.anushka.SportyShoesWebapplication.dao.LoginDAO">
		<property name="template" ref="jt"></property>
	</bean>

    
    <tx:annotation-driven />

</beans>